{
  "2936": {
    "m_ret": -0.5685471334853612,
    "ano_ret": -1.83032515971,
    "y1_ret": -1.83032515971,
    "y2_ret": -1.83032515971,
    "ref_date": "2026-07-08"
  }
}