{
  "2936": {
    "m_ret": -0.8825600660738712,
    "ano_ret": -2.14035329064,
    "y1_ret": null,
    "y2_ret": null,
    "ref_date": "2026-07-09"
  }
}